Group,Matchup,Date,Home Team,Score,Away Team,Winner,Tournament
Group C (Scotland),Brazil vs Morocco,2023-03-25,Morocco,2-1,Brazil,Morocco,Friendly
Group C (Scotland),Brazil vs Morocco,1998-06-16,Brazil,3-0,Morocco,Brazil,FIFA World Cup
Group C (Scotland),Brazil vs Morocco,1997-10-09,Brazil,2-0,Morocco,Brazil,Friendly
Group C (Scotland),Brazil vs Haiti,2016-06-08,Brazil,7-1,Haiti,Brazil,Copa América
Group C (Scotland),Brazil vs Haiti,2004-08-18,Haiti,0-6,Brazil,Brazil,Friendly
Group C (Scotland),Brazil vs Haiti,1974-04-21,Brazil,4-0,Haiti,Brazil,Friendly
Group C (Scotland),Brazil vs Scotland,2011-03-27,Brazil,2-0,Scotland,Brazil,Friendly
Group C (Scotland),Brazil vs Scotland,1998-06-10,Brazil,2-1,Scotland,Brazil,FIFA World Cup
Group C (Scotland),Brazil vs Scotland,1990-06-20,Brazil,1-0,Scotland,Brazil,FIFA World Cup
Group C (Scotland),Brazil vs Scotland,1987-05-26,Scotland,0-2,Brazil,Brazil,Rous Cup
Group C (Scotland),Brazil vs Scotland,1982-06-18,Brazil,4-1,Scotland,Brazil,FIFA World Cup
Group C (Scotland),Brazil vs Chile,2025-09-04,Brazil,3-0,Chile,Brazil,FIFA World Cup qualification
Group C (Scotland),Brazil vs Chile,2024-10-10,Chile,1-2,Brazil,Brazil,FIFA World Cup qualification
Group C (Scotland),Brazil vs Chile,2022-03-24,Brazil,4-0,Chile,Brazil,FIFA World Cup qualification
Group C (Scotland),Brazil vs Chile,2021-09-02,Chile,0-1,Brazil,Brazil,FIFA World Cup qualification
Group C (Scotland),Brazil vs Chile,2021-07-02,Brazil,1-0,Chile,Brazil,Copa América
Group C (Scotland),Morocco vs Haiti,N/A,N/A,No matches,N/A,N/A,N/A
Group C (Scotland),Morocco vs Scotland,1998-06-23,Scotland,0-3,Morocco,Morocco,FIFA World Cup
Group C (Scotland),Morocco vs Chile,2022-09-23,Morocco,2-0,Chile,Morocco,Friendly
Group C (Scotland),Morocco vs Chile,1998-06-04,Chile,1-1,Morocco,Draw,Friendly
Group C (Scotland),Haiti vs Scotland,N/A,N/A,No matches,N/A,N/A,N/A
Group C (Scotland),Haiti vs Chile,2019-06-06,Chile,2-1,Haiti,Chile,Friendly
Group C (Scotland),Haiti vs Chile,2014-09-09,Haiti,0-1,Chile,Chile,Friendly
Group C (Scotland),Haiti vs Chile,2013-01-19,Chile,3-0,Haiti,Chile,Friendly
Group C (Scotland),Haiti vs Chile,2007-05-23,Haiti,0-0,Chile,Draw,Friendly
Group C (Scotland),Haiti vs Chile,1974-04-26,Haiti,0-0,Chile,Draw,Friendly
Group C (Scotland),Scotland vs Chile,1989-05-30,Scotland,2-0,Chile,Scotland,Rous Cup
Group C (Scotland),Scotland vs Chile,1977-06-15,Chile,2-4,Scotland,Scotland,Friendly
Group I (Norway),France vs Senegal,2002-05-31,France,0-1,Senegal,Senegal,FIFA World Cup
Group I (Norway),France vs Senegal,1963-04-18,Senegal,2-0,France,Senegal,African Friendship Games
Group I (Norway),France vs Norway,2014-05-27,France,4-0,Norway,France,Friendly
Group I (Norway),France vs Norway,2010-08-11,Norway,2-1,France,Norway,Friendly
Group I (Norway),France vs Norway,1998-02-25,France,3-3,Norway,Draw,Friendly
Group I (Norway),France vs Norway,1995-07-22,Norway,0-0,France,Draw,Friendly
Group I (Norway),France vs Norway,1989-09-05,Norway,1-1,France,Draw,FIFA World Cup qualification
Group I (Norway),France vs Bolivia,2019-06-02,France,2-0,Bolivia,France,Friendly
Group I (Norway),France vs Iraq,N/A,N/A,No matches,N/A,N/A,N/A
Group I (Norway),Senegal vs Norway,2006-03-01,Senegal,2-1,Norway,Senegal,Friendly
Group I (Norway),Senegal vs Bolivia,2022-09-24,Bolivia,0-2,Senegal,Senegal,Friendly
Group I (Norway),Senegal vs Bolivia,2002-03-27,Senegal,2-1,Bolivia,Senegal,Friendly
Group I (Norway),Senegal vs Iraq,N/A,N/A,No matches,N/A,N/A,N/A
Group I (Norway),Norway vs Bolivia,N/A,N/A,No matches,N/A,N/A,N/A
Group I (Norway),Norway vs Iraq,N/A,N/A,No matches,N/A,N/A,N/A
Group I (Norway),Bolivia vs Iraq,2018-11-20,Iraq,0-0,Bolivia,Draw,Friendly
Group A,Mexico vs South Africa,2010-06-11,South Africa,1-1,Mexico,Draw,FIFA World Cup
Group A,Mexico vs South Africa,2005-07-08,South Africa,2-1,Mexico,South Africa,Gold Cup
Group A,Mexico vs South Africa,2000-06-07,Mexico,4-2,South Africa,Mexico,USA Cup
Group A,Mexico vs South Africa,1993-10-06,Mexico,4-0,South Africa,Mexico,Friendly
Group A,Mexico vs South Korea,2025-09-09,Mexico,2-2,South Korea,Draw,Friendly
Group A,Mexico vs South Korea,2020-11-14,Mexico,3-2,South Korea,Mexico,Friendly
Group A,Mexico vs South Korea,2018-06-23,South Korea,1-2,Mexico,Mexico,FIFA World Cup
Group A,Mexico vs South Korea,2014-01-29,Mexico,4-0,South Korea,Mexico,Friendly
Group A,Mexico vs South Korea,2006-02-15,Mexico,0-1,South Korea,South Korea,Friendly
Group A,Mexico vs Denmark,2018-06-09,Denmark,2-0,Mexico,Denmark,Friendly
Group A,Mexico vs Denmark,1995-01-10,Denmark,1-1,Mexico,Draw,Confederations Cup
Group A,Mexico vs Denmark,1986-03-06,Mexico,1-1,Denmark,Draw,Friendly
Group A,Mexico vs Denmark,1969-05-06,Denmark,3-1,Mexico,Denmark,Friendly
Group A,Mexico vs Denmark,1969-01-22,Mexico,3-0,Denmark,Mexico,Friendly
Group A,Mexico vs Poland,2022-11-22,Mexico,0-0,Poland,Draw,FIFA World Cup
Group A,Mexico vs Poland,2017-11-13,Poland,0-1,Mexico,Mexico,Friendly
Group A,Mexico vs Poland,2011-09-02,Poland,1-1,Mexico,Draw,Friendly
Group A,Mexico vs Poland,2005-04-27,Mexico,1-1,Poland,Draw,Friendly
Group A,Mexico vs Poland,1993-09-29,Mexico,0-0,Poland,Draw,Friendly
Group A,South Africa vs South Korea,N/A,N/A,No matches,N/A,N/A,N/A
Group A,South Africa vs Denmark,2010-06-05,South Africa,1-0,Denmark,South Africa,Friendly
Group A,South Africa vs Denmark,1999-04-28,Denmark,1-1,South Africa,Draw,Friendly
Group A,South Africa vs Denmark,1998-06-18,South Africa,1-1,Denmark,Draw,FIFA World Cup
Group A,South Africa vs Poland,2012-10-12,Poland,1-0,South Africa,Poland,Friendly
Group A,South Africa vs Poland,2009-06-06,South Africa,1-0,Poland,South Africa,Friendly
Group A,South Korea vs Denmark,2009-11-14,Denmark,0-0,South Korea,Draw,Friendly
Group A,South Korea vs Poland,2018-03-27,Poland,3-2,South Korea,Poland,Friendly
Group A,South Korea vs Poland,2011-10-07,South Korea,2-2,Poland,Draw,Friendly
Group A,South Korea vs Poland,2002-06-04,South Korea,2-0,Poland,South Korea,FIFA World Cup
Group A,Denmark vs Poland,2017-09-01,Denmark,4-0,Poland,Denmark,FIFA World Cup qualification
Group A,Denmark vs Poland,2016-10-08,Poland,3-2,Denmark,Poland,FIFA World Cup qualification
Group A,Denmark vs Poland,2013-08-14,Poland,3-2,Denmark,Poland,Friendly
Group A,Denmark vs Poland,2008-06-01,Poland,1-1,Denmark,Draw,Friendly
Group A,Denmark vs Poland,2006-08-16,Denmark,2-0,Poland,Denmark,Friendly
Group B,Canada vs Qatar,2022-09-23,Canada,2-0,Qatar,Canada,Friendly
Group B,Canada vs Switzerland,2002-05-15,Switzerland,1-3,Canada,Canada,Friendly
Group B,Canada vs Italy,1984-05-26,Canada,0-2,Italy,Italy,Friendly
Group B,Canada vs Wales,2025-09-09,Wales,0-1,Canada,Canada,Friendly
Group B,Canada vs Wales,2004-05-30,Wales,1-0,Canada,Wales,Friendly
Group B,Canada vs Wales,1986-05-19,Canada,0-3,Wales,Wales,Friendly
Group B,Canada vs Wales,1986-05-10,Canada,2-0,Wales,Canada,Friendly
Group B,Qatar vs Switzerland,2018-11-14,Switzerland,0-1,Qatar,Qatar,Friendly
Group B,Qatar vs Italy,N/A,N/A,No matches,N/A,N/A,N/A
Group B,Qatar vs Wales,2000-02-23,Qatar,0-1,Wales,Wales,Friendly
Group B,Switzerland vs Italy,2024-06-29,Switzerland,2-0,Italy,Switzerland,UEFA Euro
Group B,Switzerland vs Italy,2021-11-12,Italy,1-1,Switzerland,Draw,FIFA World Cup qualification
Group B,Switzerland vs Italy,2021-09-05,Switzerland,0-0,Italy,Draw,FIFA World Cup qualification
Group B,Switzerland vs Italy,2021-06-16,Italy,3-0,Switzerland,Italy,UEFA Euro
Group B,Switzerland vs Italy,2010-06-05,Switzerland,1-1,Italy,Draw,Friendly
Group B,Switzerland vs Wales,2021-06-12,Wales,1-1,Switzerland,Draw,UEFA Euro
Group B,Switzerland vs Wales,2011-10-07,Wales,2-0,Switzerland,Wales,UEFA Euro qualification
Group B,Switzerland vs Wales,2010-10-12,Switzerland,4-1,Wales,Switzerland,UEFA Euro qualification
Group B,Switzerland vs Wales,1999-10-09,Wales,0-2,Switzerland,Switzerland,UEFA Euro qualification
Group B,Switzerland vs Wales,1999-03-31,Switzerland,2-0,Wales,Switzerland,UEFA Euro qualification
Group B,Italy vs Wales,2021-06-20,Italy,1-0,Wales,Italy,UEFA Euro
Group B,Italy vs Wales,2003-09-06,Italy,4-0,Wales,Italy,UEFA Euro qualification
Group B,Italy vs Wales,2002-10-16,Wales,2-1,Italy,Wales,UEFA Euro qualification
Group B,Italy vs Wales,1999-06-05,Italy,4-0,Wales,Italy,UEFA Euro qualification
Group B,Italy vs Wales,1998-09-05,Wales,0-2,Italy,Italy,UEFA Euro qualification
Group D,United States vs Paraguay,2025-11-15,United States,2-1,Paraguay,United States,Friendly
Group D,United States vs Paraguay,2018-03-27,United States,1-0,Paraguay,United States,Friendly
Group D,United States vs Paraguay,2016-06-11,United States,1-0,Paraguay,United States,Copa América
Group D,United States vs Paraguay,2011-03-29,United States,0-1,Paraguay,Paraguay,Friendly
Group D,United States vs Paraguay,2007-07-02,United States,1-3,Paraguay,Paraguay,Copa América
Group D,United States vs Australia,2025-10-14,United States,2-1,Australia,United States,Friendly
Group D,United States vs Australia,2010-06-05,Australia,1-3,United States,United States,Friendly
Group D,United States vs Australia,1998-11-06,United States,0-0,Australia,Draw,Friendly
Group D,United States vs Australia,1992-06-13,United States,0-1,Australia,Australia,Friendly
Group D,United States vs Turkey,2025-06-07,United States,1-2,Turkey,Turkey,Friendly
Group D,United States vs Turkey,2014-06-01,United States,2-1,Turkey,United States,Friendly
Group D,United States vs Turkey,2010-05-29,United States,2-1,Turkey,United States,Friendly
Group D,United States vs Turkey,2003-06-19,Turkey,2-1,United States,Turkey,Confederations Cup
Group D,United States vs Turkey,1991-09-04,Turkey,1-1,United States,Draw,Friendly
Group D,United States vs Peru,2018-10-16,United States,1-1,Peru,Draw,Friendly
Group D,United States vs Peru,2015-09-04,United States,2-1,Peru,United States,Friendly
Group D,United States vs Peru,2000-02-16,United States,1-0,Peru,United States,Gold Cup
Group D,United States vs Peru,1997-01-17,United States,0-1,Peru,Peru,USA Cup
Group D,United States vs Peru,1996-10-16,Peru,4-1,United States,Peru,Friendly
Group D,Paraguay vs Australia,2010-10-09,Australia,1-0,Paraguay,Australia,Friendly
Group D,Paraguay vs Australia,2006-10-07,Australia,1-1,Paraguay,Draw,Friendly
Group D,Paraguay vs Australia,2000-06-15,Australia,2-1,Paraguay,Australia,Friendly
Group D,Paraguay vs Australia,2000-06-12,Australia,0-0,Paraguay,Draw,Friendly
Group D,Paraguay vs Australia,2000-06-09,Australia,0-0,Paraguay,Draw,Friendly
Group D,Paraguay vs Turkey,N/A,N/A,No matches,N/A,N/A,N/A
Group D,Paraguay vs Peru,2025-09-09,Peru,0-1,Paraguay,Paraguay,FIFA World Cup qualification
Group D,Paraguay vs Peru,2024-06-07,Peru,0-0,Paraguay,Draw,Friendly
Group D,Paraguay vs Peru,2023-09-07,Paraguay,0-0,Peru,Draw,FIFA World Cup qualification
Group D,Paraguay vs Peru,2022-11-16,Peru,1-0,Paraguay,Peru,Friendly
Group D,Paraguay vs Peru,2022-03-29,Peru,2-0,Paraguay,Peru,FIFA World Cup qualification
Group D,Australia vs Turkey,2004-05-24,Australia,0-1,Turkey,Turkey,Friendly
Group D,Australia vs Turkey,2004-05-21,Australia,1-3,Turkey,Turkey,Friendly
Group D,Australia vs Peru,2022-06-13,Australia,0-0,Peru,Draw,FIFA World Cup qualification
Group D,Australia vs Peru,2018-06-26,Australia,0-2,Peru,Peru,FIFA World Cup
Group D,Turkey vs Peru,N/A,N/A,No matches,N/A,N/A,N/A
Group E,Germany vs Curaçao,N/A,N/A,No matches,N/A,N/A,N/A
Group E,Germany vs Ivory Coast,2009-11-18,Germany,2-2,Ivory Coast,Draw,Friendly
Group E,Germany vs Ecuador,2013-05-29,Ecuador,2-4,Germany,Germany,Friendly
Group E,Germany vs Ecuador,2006-06-20,Germany,3-0,Ecuador,Germany,FIFA World Cup
Group E,Germany vs Sweden,2018-06-23,Germany,2-1,Sweden,Germany,FIFA World Cup
Group E,Germany vs Sweden,2013-10-15,Sweden,3-5,Germany,Germany,FIFA World Cup qualification
Group E,Germany vs Sweden,2012-10-16,Germany,4-4,Sweden,Draw,FIFA World Cup qualification
Group E,Germany vs Sweden,2010-11-17,Sweden,0-0,Germany,Draw,Friendly
Group E,Germany vs Sweden,2006-08-16,Germany,3-0,Sweden,Germany,Friendly
Group E,Curaçao vs Ivory Coast,N/A,N/A,No matches,N/A,N/A,N/A
Group E,Curaçao vs Ecuador,N/A,N/A,No matches,N/A,N/A,N/A
Group E,Curaçao vs Sweden,N/A,N/A,No matches,N/A,N/A,N/A
Group E,Ivory Coast vs Ecuador,N/A,N/A,No matches,N/A,N/A,N/A
Group E,Ivory Coast vs Sweden,2017-01-08,Ivory Coast,2-1,Sweden,Ivory Coast,Friendly
Group E,Ivory Coast vs Sweden,2015-01-15,Sweden,2-0,Ivory Coast,Sweden,Friendly
Group E,Ivory Coast vs Sweden,2006-11-15,Ivory Coast,1-0,Sweden,Ivory Coast,Friendly
Group E,Ecuador vs Sweden,2007-01-21,Ecuador,1-1,Sweden,Draw,Friendly
Group E,Ecuador vs Sweden,2007-01-18,Ecuador,2-1,Sweden,Ecuador,Friendly
Group F,Netherlands vs Japan,2013-11-16,Netherlands,2-2,Japan,Draw,Friendly
Group F,Netherlands vs Japan,2010-06-19,Netherlands,1-0,Japan,Netherlands,FIFA World Cup
Group F,Netherlands vs Japan,2009-09-05,Netherlands,3-0,Japan,Netherlands,Friendly
Group F,Netherlands vs Tunisia,2009-02-11,Tunisia,1-1,Netherlands,Draw,Friendly
Group F,Netherlands vs Tunisia,1994-01-19,Tunisia,2-2,Netherlands,Draw,Friendly
Group F,Netherlands vs Tunisia,1978-04-05,Tunisia,0-4,Netherlands,Netherlands,Friendly
Group F,Netherlands vs Ukraine,2021-06-13,Netherlands,3-2,Ukraine,Netherlands,UEFA Euro
Group F,Netherlands vs Ukraine,2010-08-11,Ukraine,1-1,Netherlands,Draw,Friendly
Group F,Netherlands vs Ukraine,2008-05-24,Netherlands,3-0,Ukraine,Netherlands,Friendly
Group F,Netherlands vs Nigeria,1998-06-05,Netherlands,5-1,Nigeria,Netherlands,Friendly
Group F,Japan vs Tunisia,2022-06-14,Japan,0-3,Tunisia,Tunisia,Kirin Cup
Group F,Japan vs Tunisia,2015-03-27,Japan,2-0,Tunisia,Japan,Kirin Challenge Cup
Group F,Japan vs Tunisia,2003-10-08,Tunisia,0-1,Japan,Japan,Friendly
Group F,Japan vs Tunisia,2002-06-14,Japan,2-0,Tunisia,Japan,FIFA World Cup
Group F,Japan vs Tunisia,1996-10-13,Japan,1-0,Tunisia,Japan,Friendly
Group F,Japan vs Ukraine,2018-03-27,Ukraine,2-1,Japan,Ukraine,Friendly
Group F,Japan vs Ukraine,2005-10-12,Ukraine,1-0,Japan,Ukraine,Friendly
Group F,Japan vs Ukraine,2002-03-21,Japan,1-0,Ukraine,Japan,Friendly
Group F,Japan vs Nigeria,2003-08-20,Japan,3-0,Nigeria,Japan,Friendly
Group F,Japan vs Nigeria,2001-10-07,Japan,2-2,Nigeria,Draw,Friendly
Group F,Japan vs Nigeria,1995-01-06,Japan,0-3,Nigeria,Nigeria,Confederations Cup
Group F,Tunisia vs Ukraine,2006-06-23,Ukraine,1-0,Tunisia,Ukraine,FIFA World Cup
Group F,Tunisia vs Nigeria,2022-01-23,Nigeria,0-1,Tunisia,Tunisia,African Cup of Nations
Group F,Tunisia vs Nigeria,2020-10-13,Nigeria,1-1,Tunisia,Draw,Friendly
Group F,Tunisia vs Nigeria,2019-07-17,Tunisia,0-1,Nigeria,Nigeria,African Cup of Nations
Group F,Tunisia vs Nigeria,2009-09-06,Nigeria,2-2,Tunisia,Draw,FIFA World Cup qualification
Group F,Tunisia vs Nigeria,2009-06-20,Tunisia,0-0,Nigeria,Draw,FIFA World Cup qualification
Group F,Ukraine vs Nigeria,2019-09-10,Ukraine,2-2,Nigeria,Draw,Friendly
Group G,Belgium vs Egypt,2022-11-18,Egypt,2-1,Belgium,Egypt,Friendly
Group G,Belgium vs Egypt,2018-06-06,Belgium,3-0,Egypt,Belgium,Friendly
Group G,Belgium vs Egypt,2005-02-09,Egypt,4-0,Belgium,Egypt,Friendly
Group G,Belgium vs Egypt,1999-03-30,Belgium,0-1,Egypt,Egypt,Friendly
Group G,Belgium vs Iran,N/A,N/A,No matches,N/A,N/A,N/A
Group G,Belgium vs New Zealand,N/A,N/A,No matches,N/A,N/A,N/A
Group G,Belgium vs Mali,N/A,N/A,No matches,N/A,N/A,N/A
Group G,Egypt vs Iran,2000-06-07,Iran,1-1,Egypt,Draw,Friendly
Group G,Egypt vs New Zealand,2024-03-22,Egypt,1-0,New Zealand,Egypt,FIFA Series
Group G,Egypt vs New Zealand,1999-07-15,Egypt,1-0,New Zealand,Egypt,Friendly
Group G,Egypt vs New Zealand,1999-07-10,Egypt,1-1,New Zealand,Draw,Friendly
Group G,Egypt vs Mali,2017-01-17,Mali,0-0,Egypt,Draw,African Cup of Nations
Group G,Egypt vs Mali,2010-01-04,Egypt,1-0,Mali,Egypt,Friendly
Group G,Egypt vs Mali,2008-01-10,Egypt,1-0,Mali,Egypt,Friendly
Group G,Egypt vs Mali,2002-01-06,Egypt,1-2,Mali,Mali,Friendly
Group G,Egypt vs Mali,1994-08-21,Egypt,0-1,Mali,Mali,Friendly
Group G,Iran vs New Zealand,2003-10-12,Iran,3-0,New Zealand,Iran,Friendly
Group G,Iran vs New Zealand,1973-08-12,New Zealand,0-0,Iran,Draw,Friendly
Group G,Iran vs Mali,2009-12-30,Mali,2-1,Iran,Mali,Friendly
Group G,New Zealand vs Mali,N/A,N/A,No matches,N/A,N/A,N/A
Group H,Spain vs Cape Verde,N/A,N/A,No matches,N/A,N/A,N/A
Group H,Spain vs Saudi Arabia,2012-09-07,Spain,5-0,Saudi Arabia,Spain,Friendly
Group H,Spain vs Saudi Arabia,2010-05-29,Spain,3-2,Saudi Arabia,Spain,Friendly
Group H,Spain vs Saudi Arabia,2006-06-23,Saudi Arabia,0-1,Spain,Spain,FIFA World Cup
Group H,Spain vs Uruguay,2013-06-16,Spain,2-1,Uruguay,Spain,Confederations Cup
Group H,Spain vs Uruguay,2013-02-06,Spain,3-1,Uruguay,Spain,Friendly
Group H,Spain vs Uruguay,2005-08-17,Spain,2-0,Uruguay,Spain,Friendly
Group H,Spain vs Uruguay,1995-01-18,Spain,2-2,Uruguay,Draw,Friendly
Group H,Spain vs Uruguay,1991-09-04,Spain,2-1,Uruguay,Spain,Friendly
Group H,Spain vs Greece,2021-11-11,Greece,0-1,Spain,Spain,FIFA World Cup qualification
Group H,Spain vs Greece,2021-03-25,Spain,1-1,Greece,Draw,FIFA World Cup qualification
Group H,Spain vs Greece,2008-06-18,Greece,1-2,Spain,Spain,UEFA Euro
Group H,Spain vs Greece,2007-08-22,Greece,2-3,Spain,Spain,Friendly
Group H,Spain vs Greece,2004-06-16,Greece,1-1,Spain,Draw,UEFA Euro
Group H,Cape Verde vs Saudi Arabia,N/A,N/A,No matches,N/A,N/A,N/A
Group H,Cape Verde vs Uruguay,N/A,N/A,No matches,N/A,N/A,N/A
Group H,Cape Verde vs Greece,N/A,N/A,No matches,N/A,N/A,N/A
Group H,Saudi Arabia vs Uruguay,2018-06-20,Uruguay,1-0,Saudi Arabia,Uruguay,FIFA World Cup
Group H,Saudi Arabia vs Uruguay,2014-10-10,Saudi Arabia,1-1,Uruguay,Draw,Friendly
Group H,Saudi Arabia vs Uruguay,2002-03-27,Saudi Arabia,3-2,Uruguay,Saudi Arabia,Friendly
Group H,Saudi Arabia vs Greece,2018-05-15,Saudi Arabia,2-0,Greece,Saudi Arabia,Friendly
Group H,Saudi Arabia vs Greece,2006-01-25,Saudi Arabia,1-1,Greece,Draw,Friendly
Group H,Saudi Arabia vs Greece,1994-04-27,Greece,5-1,Saudi Arabia,Greece,Friendly
Group H,Uruguay vs Greece,N/A,N/A,No matches,N/A,N/A,N/A
Group J,Argentina vs Algeria,2007-06-05,Algeria,3-4,Argentina,Argentina,Friendly
Group J,Argentina vs Austria,1990-05-03,Austria,1-1,Argentina,Draw,Friendly
Group J,Argentina vs Austria,1980-05-21,Austria,1-5,Argentina,Argentina,Friendly
Group J,Argentina vs Jordan,N/A,N/A,No matches,N/A,N/A,N/A
Group J,Argentina vs Costa Rica,2024-03-26,Argentina,3-1,Costa Rica,Argentina,Friendly
Group J,Argentina vs Costa Rica,2011-07-11,Argentina,3-0,Costa Rica,Argentina,Copa América
Group J,Argentina vs Costa Rica,2011-03-29,Costa Rica,0-0,Argentina,Draw,Friendly
Group J,Argentina vs Costa Rica,2010-01-26,Argentina,3-2,Costa Rica,Argentina,Friendly
Group J,Argentina vs Costa Rica,1960-03-15,Costa Rica,0-2,Argentina,Argentina,Pan American Championship
Group J,Algeria vs Austria,1982-06-21,Algeria,0-2,Austria,Austria,FIFA World Cup
Group J,Algeria vs Jordan,2004-05-30,Algeria,1-1,Jordan,Draw,Friendly
Group J,Algeria vs Jordan,1974-09-29,Algeria,6-0,Jordan,Algeria,Kuneitra Cup
Group J,Algeria vs Costa Rica,N/A,N/A,No matches,N/A,N/A,N/A
Group J,Austria vs Jordan,N/A,N/A,No matches,N/A,N/A,N/A
Group J,Austria vs Costa Rica,2006-09-02,Austria,2-2,Costa Rica,Draw,Friendly
Group J,Austria vs Costa Rica,2003-08-20,Austria,2-0,Costa Rica,Austria,Friendly
Group J,Jordan vs Costa Rica,N/A,N/A,No matches,N/A,N/A,N/A
Group K,Portugal vs Uzbekistan,N/A,N/A,No matches,N/A,N/A,N/A
Group K,Portugal vs Colombia,N/A,N/A,No matches,N/A,N/A,N/A
Group K,Portugal vs DR Congo,N/A,N/A,No matches,N/A,N/A,N/A
Group K,Portugal vs Romania,2000-06-17,Romania,0-1,Portugal,Portugal,UEFA Euro
Group K,Portugal vs Romania,1999-09-08,Romania,1-1,Portugal,Draw,UEFA Euro qualification
Group K,Portugal vs Romania,1998-10-10,Portugal,0-1,Romania,Romania,UEFA Euro qualification
Group K,Portugal vs Romania,1989-08-31,Portugal,0-0,Romania,Draw,Friendly
Group K,Portugal vs Romania,1985-01-30,Portugal,2-3,Romania,Romania,Friendly
Group K,Uzbekistan vs Colombia,N/A,N/A,No matches,N/A,N/A,N/A
Group K,Uzbekistan vs DR Congo,N/A,N/A,No matches,N/A,N/A,N/A
Group K,Uzbekistan vs Romania,N/A,N/A,No matches,N/A,N/A,N/A
Group K,Colombia vs DR Congo,N/A,N/A,No matches,N/A,N/A,N/A
Group K,Colombia vs Romania,2024-03-26,Colombia,3-2,Romania,Colombia,Friendly
Group K,Colombia vs Romania,2006-05-27,Romania,0-0,Colombia,Draw,Friendly
Group K,Colombia vs Romania,1998-06-15,Romania,1-0,Colombia,Romania,FIFA World Cup
Group K,Colombia vs Romania,1994-06-18,Colombia,1-3,Romania,Romania,FIFA World Cup
Group K,DR Congo vs Romania,2016-05-25,Romania,1-1,DR Congo,Draw,Friendly
Group K,DR Congo vs Romania,1967-12-24,DR Congo,1-1,Romania,Draw,Friendly
Group L,England vs Croatia,2021-06-13,England,1-0,Croatia,England,UEFA Euro
Group L,England vs Croatia,2018-11-18,England,2-1,Croatia,England,UEFA Nations League
Group L,England vs Croatia,2018-10-12,Croatia,0-0,England,Draw,UEFA Nations League
Group L,England vs Croatia,2018-07-11,Croatia,2-1,England,Croatia,FIFA World Cup
Group L,England vs Croatia,2009-09-09,England,5-1,Croatia,England,FIFA World Cup qualification
Group L,England vs Ghana,2011-03-29,England,1-1,Ghana,Draw,Friendly
Group L,England vs Panama,2018-06-24,England,6-1,Panama,England,FIFA World Cup
Group L,England vs Czechia,N/A,N/A,No matches,N/A,N/A,N/A
Group L,Croatia vs Ghana,N/A,N/A,No matches,N/A,N/A,N/A
Group L,Croatia vs Panama,N/A,N/A,No matches,N/A,N/A,N/A
Group L,Croatia vs Czechia,N/A,N/A,No matches,N/A,N/A,N/A
Group L,Ghana vs Panama,N/A,N/A,No matches,N/A,N/A,N/A
Group L,Ghana vs Czechia,N/A,N/A,No matches,N/A,N/A,N/A
Group L,Panama vs Czechia,N/A,N/A,No matches,N/A,N/A,N/A